heart_rate_bpm,systolic_bp_mmhg,qt_interval_ms,oxygen_saturation_pct,cardiac_crisis_alert
65.6,91.5,355.1,96.6,0
92.9,154.0,459.4,88.2,0
136.5,111.3,412.1,95.2,0
84.6,116.6,364.0,93.3,0
131.2,110.3,402.7,94.9,0
101.7,178.0,464.1,88.1,1
138.1,158.0,362.0,95.4,1
141.5,133.6,505.7,94.8,0
82.5,174.2,334.1,96.1,0
82.3,150.8,501.8,90.6,0
62.5,173.5,396.2,89.7,0
135.1,170.1,415.3,98.8,1
154.1,123.3,323.4,96.7,0
80.1,96.0,366.3,91.9,0
130.0,180.2,445.1,95.9,0
82.4,174.8,333.7,94.1,0
140.3,144.4,458.3,98.4,0
70.4,106.5,471.6,93.0,0
60.8,153.8,427.6,88.5,0
67.1,168.2,360.7,97.4,0
59.3,121.0,351.9,89.1,0
150.2,144.0,335.0,85.5,0
132.9,99.9,371.8,98.3,0
154.9,161.9,482.3,93.7,1
168.0,143.8,414.2,85.8,0
59.5,125.2,381.3,88.0,0
55.5,109.3,471.9,94.1,0
53.0,127.0,478.2,85.4,1
160.3,153.9,466.2,86.9,0
116.4,181.7,379.4,97.7,0
88.3,97.3,517.2,97.5,0
111.0,162.2,389.3,87.1,0
70.6,163.5,387.3,98.8,0
93.1,138.2,494.3,89.1,0
134.8,149.8,405.9,86.8,1
106.0,165.0,464.2,91.8,0
76.7,140.1,421.6,87.9,0
119.1,133.5,419.1,87.2,0
72.4,181.0,452.9,97.2,0
126.9,186.6,461.1,95.3,1
103.2,146.4,443.3,97.8,1
81.7,173.8,424.7,91.0,0
58.9,101.9,365.0,99.5,0
159.3,162.7,371.8,96.1,1
108.7,113.1,505.5,86.6,1
54.9,120.5,350.2,92.3,1
97.9,91.9,471.3,86.3,1
155.7,141.9,480.7,89.2,1
64.9,189.9,509.1,89.8,0
109.8,181.0,355.9,95.0,0
94.3,175.8,481.2,94.1,0
84.3,181.0,387.8,94.0,0
73.0,119.7,362.5,95.0,1
57.5,119.3,393.0,90.1,0
102.0,105.6,492.6,88.2,1
126.0,124.9,451.9,89.7,0
73.5,179.5,498.7,97.4,0
143.0,159.7,342.2,99.4,1
60.6,105.8,421.9,97.7,0
98.3,135.4,423.5,98.2,0
105.2,166.1,320.6,98.5,0
66.1,102.2,346.5,88.7,0
99.0,105.9,401.1,89.5,0
70.6,125.3,505.9,93.2,0
93.6,165.2,423.5,95.5,0
141.9,92.7,507.9,90.1,0
135.3,129.8,332.6,85.9,0
107.8,165.0,444.1,98.7,0
97.5,127.7,492.6,86.9,1
81.7,98.5,478.2,85.5,1
71.9,146.1,379.2,97.4,0
76.6,120.2,348.3,86.6,0
127.8,169.8,435.0,95.1,1
139.9,128.0,495.3,93.3,0
152.2,105.2,336.5,90.4,0
131.0,171.1,350.2,99.5,1
117.3,154.0,506.3,85.7,1
151.8,124.4,418.0,90.6,0
132.6,142.9,429.0,87.7,0
90.3,134.3,509.6,88.3,1
108.7,92.4,381.1,86.1,0
139.4,110.7,404.4,90.7,0
164.6,149.3,326.1,86.3,1
53.1,116.5,373.0,94.4,0
75.7,165.3,458.5,86.5,0
152.5,97.9,461.9,92.5,0
97.1,189.8,399.4,88.5,0
63.7,168.1,401.8,94.1,0
133.5,148.5,440.0,95.6,1
53.6,151.7,439.6,97.5,0
70.4,144.1,480.8,99.5,0
135.7,154.8,467.5,85.7,1
152.8,96.7,478.2,97.4,1
89.4,172.2,402.7,96.5,0
142.4,157.6,397.6,91.8,1
151.7,129.6,432.9,100.0,0
136.3,179.9,442.8,89.7,1
142.4,118.9,440.6,97.1,1
82.8,159.6,479.6,88.4,1
136.1,172.9,464.2,98.8,1
79.6,104.5,443.0,89.3,0
82.3,174.3,351.5,85.3,0
95.5,154.0,379.5,86.5,0
66.4,111.0,340.1,86.4,0
88.2,105.2,425.9,88.0,0
154.3,126.0,454.6,91.0,0
116.6,172.9,469.5,88.9,1
111.2,165.9,321.9,96.6,0
154.1,121.1,454.0,89.2,0
92.6,120.2,400.8,86.1,0
69.8,180.7,509.3,97.9,0
98.6,124.7,448.8,95.1,0
82.1,151.0,466.3,97.4,0
129.0,106.1,488.3,97.3,0
129.9,169.5,474.2,95.9,1
163.8,149.3,499.2,88.9,1
135.8,183.4,435.8,94.0,1
73.1,187.0,514.1,91.5,0
65.2,134.0,491.9,97.9,0
167.1,98.7,369.3,92.0,0
137.0,108.8,348.4,91.5,0
119.4,94.3,516.4,89.3,0
147.8,172.4,417.2,93.5,1
152.8,169.3,503.1,96.8,1
92.8,177.9,453.5,91.4,0
134.8,186.7,464.7,98.7,0
82.8,176.3,365.6,87.9,0
161.1,101.4,461.1,89.0,1
147.2,111.3,450.8,85.8,0
163.1,93.1,347.8,94.6,0
97.5,177.6,433.5,90.7,0
87.4,159.8,432.9,86.3,0
131.7,166.0,470.9,98.2,1
138.8,130.2,475.7,91.7,0
163.2,161.6,401.4,95.3,1
55.7,118.3,515.6,89.0,0
150.6,106.5,355.7,94.9,0
151.7,141.9,452.3,94.9,0
113.7,93.8,444.3,88.4,0
87.5,150.7,381.5,94.5,1
78.8,187.1,453.2,94.8,0
83.6,141.2,411.5,87.9,0
94.8,114.9,405.1,91.0,0
143.1,165.3,412.4,89.7,1
85.9,131.6,503.4,94.1,0
64.4,185.9,474.4,92.5,0
118.4,124.9,437.0,87.9,0
91.1,181.8,431.4,90.3,0
50.1,109.1,344.2,86.5,0
165.0,147.6,450.8,86.0,1
121.9,144.2,457.7,97.5,0
107.5,115.7,466.4,86.5,1
134.6,153.7,484.1,94.0,1
127.0,137.3,375.1,93.9,0
127.7,110.3,483.0,88.0,1
136.8,92.7,429.8,87.6,0
135.9,145.3,349.7,99.0,1
72.1,140.1,356.1,89.2,0
126.6,133.9,325.0,85.9,0
156.0,169.1,484.9,89.8,1
168.7,183.4,349.9,89.4,1
68.6,134.0,485.9,93.0,0
66.9,168.0,452.7,94.9,0
54.8,189.3,446.6,93.6,0
132.7,92.5,353.5,90.7,0
169.1,105.5,408.4,96.9,0
144.9,154.9,433.4,88.7,1
97.8,138.3,353.2,85.3,0
59.4,187.0,450.6,88.9,0
151.0,137.8,387.2,98.3,0
109.0,164.9,328.0,86.4,0
111.0,133.5,497.3,95.3,0
100.9,140.1,327.6,89.0,0
132.4,170.7,328.2,92.0,1
138.5,186.7,485.2,85.8,1
164.5,145.5,355.6,87.2,0
153.3,167.3,514.0,86.5,1
137.7,127.4,510.0,89.1,0
149.8,94.2,355.8,96.9,0
103.3,123.6,471.7,92.7,0
165.9,148.0,463.3,90.1,1
169.3,176.2,321.5,87.7,1
166.8,96.2,456.2,93.3,0
58.1,125.9,481.4,92.6,0
169.4,128.8,405.3,87.4,0
66.3,178.9,401.6,90.2,1
158.5,131.2,322.9,90.3,0
142.9,168.6,359.1,96.4,1
141.4,114.1,493.2,93.1,0
94.0,166.4,348.9,85.1,0
131.6,168.2,362.4,88.7,1
150.1,140.6,473.0,96.0,0
118.0,181.9,417.0,87.6,0
151.3,178.7,442.0,85.4,1
125.4,139.3,412.9,99.0,0
145.4,116.9,494.1,93.5,0
167.5,162.8,330.3,87.0,1
58.0,127.5,493.5,86.9,0
133.1,140.3,412.7,88.4,0
116.5,93.9,393.3,87.9,0
59.0,96.0,372.0,93.4,0
86.8,95.0,512.5,97.1,0
66.7,116.7,454.2,87.3,0
59.3,157.9,461.5,90.3,1
111.0,124.7,508.9,86.5,1
162.0,171.6,479.5,91.1,1
87.5,147.3,427.7,91.9,0
160.5,114.9,510.8,95.3,0
131.8,116.1,344.4,89.2,1
165.5,170.4,382.8,98.1,1
88.3,158.1,509.9,92.6,0
69.9,175.4,509.6,90.7,0
129.3,127.9,355.0,94.4,0
114.8,102.3,415.2,93.7,0
107.0,105.8,519.6,96.4,0
86.6,131.4,371.1,89.4,0
126.4,113.5,466.4,94.9,0
126.2,129.6,465.0,94.5,0
102.9,151.8,340.3,85.4,0
79.0,157.7,404.3,99.8,1
74.2,181.3,516.6,97.3,0
149.5,134.2,341.6,98.1,0
78.2,121.6,435.4,98.1,0
98.1,140.8,381.5,88.3,0
107.7,104.8,387.0,92.7,0
138.8,173.4,320.7,97.9,0
92.9,163.8,439.1,97.7,0
129.7,152.0,396.4,90.7,1
84.0,166.1,387.3,87.0,1
89.8,164.4,493.3,88.9,1
152.9,189.3,327.7,97.0,1
145.5,176.9,355.5,86.1,1
102.4,113.8,498.2,91.3,0
167.3,146.1,391.7,97.9,0
79.4,117.7,482.2,88.8,1
114.2,165.6,323.1,97.8,0
88.8,174.9,492.1,89.4,0
57.6,189.6,450.3,88.6,0
65.6,131.2,507.9,94.8,0
157.0,130.4,392.1,93.1,0
62.2,121.0,448.4,93.6,0
90.2,179.6,475.4,89.5,1
164.6,93.7,397.3,97.9,0
101.8,186.4,504.6,93.7,0
127.8,100.6,339.3,90.5,0
155.6,106.2,388.0,89.9,0
152.9,167.3,485.5,97.1,1
147.6,183.8,363.2,89.4,0
117.4,150.3,453.0,94.2,0
106.1,123.8,360.0,88.8,0
82.0,133.4,501.7,95.2,0
119.8,116.3,508.4,89.5,0
68.8,132.2,335.5,94.5,0
82.6,127.4,498.6,94.7,0
77.4,138.5,518.6,95.5,0
126.4,110.0,405.0,99.3,0
166.2,118.1,373.1,86.6,0
157.7,110.9,455.9,92.1,0
68.3,162.5,377.1,86.4,1
80.5,90.5,322.3,95.1,0
143.7,94.4,357.4,97.2,0
60.5,174.4,342.4,95.0,0
64.0,139.5,399.7,88.1,0
169.9,161.8,497.2,96.0,1
136.1,155.1,367.8,87.6,1
153.8,175.0,353.9,92.8,0
55.4,183.1,455.3,91.6,0
125.1,131.1,354.5,87.0,0
169.2,148.1,448.1,92.7,1
110.5,159.3,469.1,98.5,0
82.2,168.2,513.0,96.3,0
86.4,103.0,351.0,92.1,0
80.2,122.0,418.1,88.3,0
169.1,93.7,450.3,94.4,1
93.9,97.2,496.4,90.9,0
105.6,169.9,417.4,97.8,0
142.8,108.9,354.0,99.8,0
78.5,174.4,355.8,98.2,0
55.6,91.7,470.5,94.1,0
150.3,148.5,468.8,87.9,1
149.7,176.7,424.1,85.0,1
105.6,118.4,343.8,88.0,0
121.7,141.2,418.0,88.3,0
137.9,175.9,427.2,93.8,1
113.7,148.8,417.3,91.1,0
151.2,115.2,464.0,95.5,0
101.6,143.5,386.9,88.5,0
57.8,183.9,372.6,90.6,0
97.2,110.8,325.3,97.3,0
165.4,158.2,427.6,85.2,1
140.9,114.2,499.2,93.8,0
139.5,147.4,501.2,91.7,1
144.6,112.2,347.3,90.6,0
167.7,157.0,484.8,88.5,1
110.4,127.0,421.5,90.6,0
91.9,96.6,377.5,91.9,0
73.3,99.5,466.6,93.2,0
123.2,159.9,348.0,85.9,0
118.3,164.1,500.1,89.2,0
105.0,150.8,445.8,92.4,0
74.9,135.7,434.6,89.6,0
162.4,116.3,471.3,94.8,0
130.7,182.6,336.7,94.2,1
167.8,95.5,507.9,99.8,0
134.1,126.2,477.9,93.0,0
140.7,103.1,511.5,99.0,0
66.6,146.9,419.2,94.7,0
103.7,99.1,518.7,99.0,0
70.6,100.5,459.7,98.1,0
82.5,107.2,341.9,93.4,0
123.6,97.6,468.1,87.0,1
128.6,126.3,509.6,87.1,1
72.1,140.8,496.6,85.6,1
128.3,135.6,360.9,97.8,0
61.5,138.2,478.5,96.1,0
109.0,145.7,514.4,88.7,1
80.2,140.3,435.2,98.6,0
71.5,160.8,395.4,89.9,0
50.9,175.9,364.1,93.9,0
99.1,101.3,439.8,89.4,0
136.8,93.9,368.2,96.9,0
153.0,169.5,392.8,95.2,1
102.1,140.8,495.7,94.0,0
141.1,142.0,401.1,89.6,0
163.1,115.5,359.5,86.0,0
111.1,116.5,509.6,93.2,1
117.3,135.4,478.8,89.5,0
88.8,119.4,329.4,91.6,0
139.8,165.6,418.6,93.1,1
101.1,162.5,356.6,85.5,0
130.2,153.9,455.9,95.8,1
113.5,162.9,373.1,85.9,0
112.7,96.1,376.4,94.4,0
109.9,152.2,507.5,91.7,0
146.6,173.9,347.8,87.5,1
91.3,179.4,410.9,88.4,0
137.9,166.9,461.0,91.9,1
54.6,135.3,454.3,99.4,0
88.4,96.7,420.8,87.1,0
143.8,156.8,432.2,96.5,0
159.7,133.8,516.0,95.6,0
159.0,127.2,369.6,94.5,1
122.2,137.1,334.7,87.4,0
147.4,105.6,411.6,87.8,0
75.5,110.4,367.1,86.2,0
157.6,153.7,350.5,85.5,1
94.0,134.1,504.2,92.1,0
138.0,149.1,460.9,86.6,1
123.6,129.9,364.4,88.3,0
126.1,118.1,413.0,88.5,0
92.0,101.8,421.5,92.9,0
99.4,132.8,321.3,87.2,0
166.8,146.0,413.3,87.2,1
152.2,104.1,471.5,88.1,1
117.7,140.9,379.3,98.8,0
66.6,178.6,450.5,87.2,0
122.3,94.8,339.2,89.2,0
81.6,150.1,417.2,88.3,0
127.7,150.7,341.9,85.9,1
164.0,109.1,352.0,89.6,0
58.9,102.3,356.9,87.3,0
70.6,184.1,474.4,86.1,1
77.3,94.7,455.6,89.8,0
55.8,145.7,467.0,94.7,0
53.0,171.6,369.7,93.3,0
60.4,104.7,487.9,94.0,0
61.7,129.2,472.4,89.8,0
102.1,122.4,482.0,96.0,0
169.0,166.4,447.3,92.9,1
150.3,98.0,382.8,98.4,0
154.1,100.1,391.2,98.1,0
115.7,91.8,367.3,89.4,0
115.9,188.8,370.1,94.2,0
50.9,164.9,349.5,93.9,1
85.8,179.9,477.5,99.6,0
119.0,189.1,436.9,94.7,0
101.7,161.4,378.7,94.3,0
68.3,99.8,486.1,92.4,0
96.9,109.2,420.1,92.3,0
146.8,93.5,336.8,99.0,0
110.2,98.0,496.1,88.6,1
81.6,95.7,437.9,89.4,0
146.1,98.4,465.2,90.7,1
51.9,139.6,480.8,98.3,0
102.6,143.1,504.9,97.6,0
126.5,107.4,354.9,92.1,0
116.0,141.3,488.8,92.1,0
90.3,96.8,375.6,90.1,0
144.3,119.0,382.6,97.1,0
96.3,155.4,509.7,99.9,0
50.2,126.8,473.6,88.7,1
59.5,114.4,325.9,99.9,0
162.3,107.8,337.8,95.2,0
72.8,92.0,420.1,90.2,0
86.2,182.6,469.4,91.0,0
56.5,93.4,380.9,85.9,0
68.7,135.8,350.7,97.0,0
70.8,116.9,443.1,88.5,1
74.8,93.2,336.4,98.4,0
98.4,173.8,464.3,98.9,0
125.6,151.8,381.1,97.3,1
167.5,181.8,480.3,95.9,1
157.1,113.0,329.3,90.1,0
151.7,128.9,337.6,92.9,0
88.7,137.0,456.9,91.3,1
82.9,157.1,495.6,91.9,0
62.4,169.2,363.8,88.6,0
122.7,115.4,456.3,98.6,0
57.2,92.0,413.3,90.2,0
103.8,96.8,455.1,99.5,0
79.8,165.6,497.2,87.0,0
72.2,137.1,442.1,89.6,0
66.8,189.2,507.6,91.4,0
164.3,102.2,456.3,85.3,0
83.9,164.7,353.1,94.6,0
69.3,186.6,325.0,93.2,0
105.9,143.3,514.6,85.1,1
63.1,103.3,484.3,95.0,1
155.4,120.7,436.8,90.0,0
114.0,104.0,433.8,86.7,1
106.0,103.7,478.8,90.7,0
154.1,98.9,388.4,87.8,0
157.9,118.7,431.4,95.7,0
112.5,154.3,457.8,91.7,0
79.5,109.0,451.8,98.0,0
124.9,181.0,395.9,88.2,0
117.9,118.2,387.7,90.1,0
69.5,175.6,383.6,98.6,0
164.3,144.4,429.0,95.6,0
77.0,92.6,353.5,96.0,0
128.6,101.5,447.5,93.5,0
70.6,173.1,325.3,85.4,0
155.5,130.0,390.4,90.0,1
165.0,166.7,332.0,97.3,1
157.4,103.3,357.2,94.0,0
122.1,101.2,438.4,87.7,0
146.1,156.9,418.9,91.5,1
158.2,164.3,500.5,93.7,1
57.9,156.1,335.2,87.9,0
103.3,172.0,356.7,89.0,1
63.0,189.9,342.3,94.2,0
150.6,147.8,406.3,87.4,1
54.1,106.7,421.9,99.8,0
66.9,188.6,423.3,98.2,0
131.8,165.4,469.4,96.9,1
109.7,134.0,445.8,89.1,0
129.2,150.0,500.5,90.9,1
104.9,148.0,438.8,93.0,0
142.7,169.1,514.7,97.4,1
135.7,102.3,419.5,91.8,0
154.0,94.9,450.8,88.5,0
75.0,103.6,412.5,92.0,0
71.3,121.5,492.6,93.4,0
154.5,117.7,387.3,91.3,0
143.9,103.1,354.6,94.0,0
91.8,148.7,472.1,88.9,1
146.7,123.7,424.2,95.3,0
57.1,112.3,458.4,87.3,0
81.0,115.5,498.4,88.5,1
58.5,120.4,418.2,90.0,0
159.9,148.8,511.9,89.1,0
138.0,188.6,437.9,90.2,1
69.7,150.7,380.5,94.9,1
119.8,172.5,342.1,95.2,0
122.9,92.5,466.3,88.0,1
117.6,132.6,354.3,96.7,1
71.8,131.5,404.2,87.3,0
71.9,148.1,336.6,97.5,1
70.0,95.6,345.0,95.3,0
88.2,101.5,480.6,93.6,0
77.9,153.5,346.2,92.3,0
113.1,156.0,387.9,99.8,0
151.8,138.8,371.6,92.1,0
66.3,113.3,465.0,91.8,0
76.7,157.3,378.3,87.6,0
119.2,176.3,471.8,95.7,0
113.8,182.4,470.3,85.9,0
58.1,181.4,336.3,99.6,0
111.1,96.1,396.8,98.1,0
149.2,119.7,496.5,92.9,0
152.1,148.0,407.2,89.0,1
128.0,157.2,328.0,99.8,1
126.1,154.6,462.1,97.8,1
168.8,126.7,507.8,90.2,0
102.1,140.9,364.9,95.9,0
120.1,162.3,466.1,99.9,0
121.2,179.8,501.7,86.1,1
164.7,95.7,496.3,91.6,0
123.0,150.0,502.0,99.1,0
113.0,180.1,474.8,91.1,0
73.0,107.6,465.0,88.9,1
132.0,112.9,513.9,85.7,1
145.0,170.7,488.1,93.8,1
71.1,174.4,429.3,85.4,0
52.2,155.3,394.8,100.0,0
169.7,155.2,332.8,87.3,1
62.1,106.1,376.9,97.5,0
152.8,116.2,462.1,85.3,1
65.2,171.8,458.5,100.0,0
167.2,97.5,349.2,90.0,0
123.4,150.5,419.8,99.5,0
118.2,107.4,373.0,92.1,0
59.9,97.3,349.0,85.1,0
66.3,90.9,341.7,99.2,0
152.5,142.0,482.2,96.6,0
118.6,139.1,483.4,96.3,0
147.7,143.5,441.3,89.1,0
67.8,145.4,413.4,87.9,0
119.2,155.9,359.0,88.2,0
149.4,144.2,424.7,85.1,0
140.9,183.8,344.3,87.0,1
139.5,148.4,355.9,97.1,1
137.0,104.1,496.0,95.8,0
109.0,174.0,347.4,90.2,0
79.2,132.8,439.4,85.6,0
100.3,119.9,433.0,87.8,0
141.6,190.0,491.2,98.0,1
74.0,122.5,477.2,87.4,1
89.7,113.2,395.6,96.4,0
68.0,170.7,363.4,88.8,0
118.8,172.4,457.7,95.9,0
120.5,114.4,448.6,92.0,0
134.8,148.7,380.1,88.7,1
146.5,123.0,494.5,94.6,0
119.0,146.3,414.7,87.3,0
63.0,136.3,459.0,90.4,1
104.0,126.4,418.2,98.7,0
147.2,186.8,504.3,91.2,1
51.3,146.6,385.4,98.1,0
109.0,126.7,447.9,92.6,0
86.7,157.1,465.3,94.5,0
62.6,127.3,362.1,89.4,0
115.6,185.2,519.9,88.0,1
100.3,96.9,483.0,93.9,0
56.1,183.3,400.3,95.2,0
129.7,100.5,437.5,94.3,0
68.5,119.8,440.5,99.5,1
126.1,139.9,505.3,97.5,0
121.0,152.9,490.7,91.5,0
78.2,159.9,501.1,85.4,1
84.9,188.2,371.5,86.8,1
66.0,97.8,470.9,87.2,1
103.6,150.0,461.8,92.3,0
110.4,128.2,402.6,89.9,0
151.4,120.2,388.2,99.9,0
121.0,132.4,479.7,88.5,1
106.8,185.7,475.8,92.7,0
105.2,132.0,357.8,96.8,0
122.0,159.5,399.7,97.2,0
56.6,162.3,359.5,98.1,0
129.7,145.9,329.9,95.5,1
91.2,150.7,407.2,96.1,0
92.3,115.1,372.4,96.6,0
134.6,174.0,515.8,93.3,1
139.2,185.9,510.6,95.3,1
125.6,121.8,502.0,94.9,0
77.0,100.2,453.7,94.6,0
148.1,98.0,424.8,97.2,0
95.9,146.3,488.4,98.7,0
150.6,96.5,399.4,85.7,0
165.0,119.9,408.2,92.6,0
50.4,95.3,407.9,96.0,0
93.1,182.1,448.9,91.9,1
132.7,138.4,514.7,96.2,0
132.3,136.5,511.4,97.4,0
116.1,140.9,334.7,91.8,1
129.6,189.6,388.8,92.7,1
66.3,98.2,498.3,93.3,0
75.0,189.2,506.0,98.3,0
104.6,132.3,455.1,93.0,0
84.6,174.9,459.9,92.4,0
155.9,115.9,398.9,98.5,0
150.4,99.8,341.6,97.8,0
136.6,177.1,335.7,94.8,0
103.2,149.3,402.1,96.5,0
138.6,149.0,322.3,95.7,1
120.4,168.8,346.0,92.1,0
168.2,156.6,366.7,99.4,1
89.2,185.5,503.6,96.8,0
51.3,115.0,355.0,87.6,0
139.5,170.5,329.0,85.3,1
85.0,91.0,407.7,94.0,0
104.3,126.2,501.4,94.2,0
123.5,121.5,330.1,91.4,0
164.5,95.9,431.1,85.3,0
62.8,106.0,513.8,88.1,1
112.8,98.7,321.4,98.9,1
58.3,101.0,476.9,86.6,1
155.1,139.2,405.1,86.7,0
160.7,108.4,472.0,95.0,0
57.3,153.9,368.2,94.5,0
127.6,132.4,328.2,93.7,0
122.5,110.8,481.0,89.2,0
114.2,115.3,370.7,88.6,0
127.1,163.5,490.6,85.0,1
106.0,188.4,332.4,92.5,0
127.8,134.5,479.3,99.3,0
65.1,166.1,443.0,89.7,0
56.1,179.3,362.1,86.1,0
122.5,181.8,401.2,91.9,0
135.7,116.2,432.7,86.2,0
86.7,91.1,367.1,88.6,0
127.7,141.9,458.6,85.9,0
113.3,165.6,434.3,99.3,0
87.9,158.3,329.1,87.9,0
90.6,128.3,487.3,87.1,1
167.6,97.2,385.4,89.8,1
64.8,166.9,459.7,88.0,0
101.3,160.5,403.9,99.3,0
97.7,166.8,472.0,99.3,0
76.0,183.7,380.5,93.5,0
62.1,107.8,320.8,97.0,0
66.0,189.1,506.8,92.2,0
119.6,91.8,393.6,95.2,0
112.8,106.2,322.9,92.8,0
145.5,166.1,477.5,88.9,1
168.5,91.2,325.0,99.5,0
55.0,175.6,440.9,90.4,0
88.0,93.0,330.0,96.2,0
51.4,131.3,340.3,88.1,0
